"split","Overall","Art_Style","Counting","Forensic_Detection","Functional_Correspondence","IQ_Test","Jigsaw","Multi-view_Reasoning","Object_Localization","Relative_Depth","Relative_Reflectance","Semantic_Correspondence","Spatial_Relation","Visual_Correspondence","Visual_Similarity"
"none","0.389268805891636","0.49572649572649574","0.5916666666666667","0.2727272727272727","0.23846153846153847","0.04666666666666667","0.49333333333333335","0.46616541353383456","0.5327868852459017","0.6935483870967742","0.291044776119403","0.02877697841726619","0.7482517482517482","0.19186046511627908","0.4962962962962963"
