"split","Overall","AR","CP","FP-C","FP-S","LR","RR","action_recognition","attribute_comparison","attribute_recognition","celebrity_recognition","function_reasoning","future_prediction","identity_reasoning","image_emotion","image_quality","image_scene","image_style","image_topic","nature_relation","object_localization","ocr","physical_property_reasoning","physical_relation","social_relation","spatial_relationship","structuralized_imagetext_understanding"
"dev","0.7190721649484536","0.7839195979899497","0.8209459459459459","0.6153846153846154","0.8020477815699659","0.3220338983050847","0.6695652173913044","0.9259259259259259","0.5454545454545454","0.8783783783783784","0.9595959595959596","0.8481012658227848","0.3","1.0","0.8","0.4716981132075472","0.9711538461538461","0.8679245283018868","0.8611111111111112","0.5625","0.5432098765432098","0.7948717948717948","0.5866666666666667","0.4166666666666667","0.9302325581395349","0.3111111111111111","0.3333333333333333"
