"split","Overall","acc","precision","recall"
"Overall","88.01148600143574","88.86666666666667","95.3343701399689","81.73333333333333"
"popular","88.10636004311894","88.96666666666667","95.5572876071707","81.73333333333333"
"random","89.2610120131052","90.16666666666666","98.3159582999198","81.73333333333333"
"adversarial","86.70438472418671","87.46666666666667","92.31927710843374","81.73333333333333"
