"split","Overall","AR","CP","FP-C","FP-S","LR","RR","action_recognition","attribute_comparison","attribute_recognition","celebrity_recognition","function_reasoning","future_prediction","identity_reasoning","image_emotion","image_quality","image_scene","image_style","image_topic","nature_relation","object_localization","ocr","physical_property_reasoning","physical_relation","social_relation","spatial_relationship","structuralized_imagetext_understanding"
"dev","0.7671821305841925","0.7839195979899497","0.8648648648648649","0.5734265734265734","0.825938566552901","0.5847457627118644","0.7652173913043478","0.9074074074074074","0.5","0.9594594594594594","0.9393939393939394","0.8860759493670886","0.575","1.0","0.86","0.6037735849056604","0.9711538461538461","0.8679245283018868","0.9444444444444444","0.6041666666666666","0.6172839506172839","0.717948717948718","0.5466666666666666","0.7916666666666666","0.9302325581395349","0.24444444444444444","0.5897435897435898"
