"split","Overall","acc","precision","recall"
"Overall","87.08539167254766","87.8","92.50374812593704","82.26666666666667"
"random","89.12964969302998","89.96666666666667","97.24192277383766","82.26666666666667"
"popular","87.20848056537102","87.93333333333334","92.78195488721805","82.26666666666667"
"adversarial","85.01550120564933","85.5","87.9543834640057","82.26666666666667"
