"split","Overall","AR","CP","FP-C","FP-S","LR","RR","action_recognition","attribute_comparison","attribute_recognition","celebrity_recognition","function_reasoning","future_prediction","identity_reasoning","image_emotion","image_quality","image_scene","image_style","image_topic","nature_relation","object_localization","ocr","physical_property_reasoning","physical_relation","social_relation","spatial_relationship","structuralized_imagetext_understanding"
"dev","0.6855670103092784","0.7638190954773869","0.8074324324324325","0.6013986013986014","0.6757679180887372","0.4067796610169492","0.6521739130434783","0.8518518518518519","0.6590909090909091","0.7567567567567568","0.8484848484848485","0.8354430379746836","0.55","0.9777777777777777","0.82","0.4716981132075472","0.9519230769230769","0.8490566037735849","0.8055555555555556","0.5416666666666666","0.3950617283950617","0.6666666666666666","0.56","0.5","0.8604651162790697","0.24444444444444444","0.3333333333333333"
