"split","Overall","acc","precision","recall"
"Overall","83.37248114723698","85.05555555555556","93.95374756199499","74.93333333333332"
"random","84.89425981873111","86.66666666666667","97.90940766550523","74.93333333333332"
"popular","83.41372912801485","85.1","94.05857740585773","74.93333333333332"
"adversarial","81.86453022578296","83.39999999999999","90.20866773675762","74.93333333333332"
