"split","Overall","Art_Style","Counting","Forensic_Detection","Functional_Correspondence","IQ_Test","Jigsaw","Multi-view_Reasoning","Object_Localization","Relative_Depth","Relative_Reflectance","Semantic_Correspondence","Spatial_Relation","Visual_Correspondence","Visual_Similarity"
"none","0.4171488690163072","0.4700854700854701","0.5333333333333333","0.26515151515151514","0.2153846153846154","0.20666666666666667","0.5266666666666666","0.44360902255639095","0.5901639344262295","0.5725806451612904","0.3283582089552239","0.2949640287769784","0.6573426573426573","0.32558139534883723","0.4740740740740741"
