"split","Overall","Art_Style","Counting","Forensic_Detection","Functional_Correspondence","IQ_Test","Jigsaw","Multi-view_Reasoning","Object_Localization","Relative_Depth","Relative_Reflectance","Semantic_Correspondence","Spatial_Relation","Visual_Correspondence","Visual_Similarity"
"none","0.4313519200420831","0.5811965811965812","0.5583333333333333","0.24242424242424243","0.3230769230769231","0.29333333333333333","0.47333333333333333","0.44360902255639095","0.5491803278688525","0.7096774193548387","0.39552238805970147","0.18705035971223022","0.6573426573426573","0.22674418604651161","0.5185185185185185"
