"split","Overall","AR","CP","FP-C","FP-S","LR","RR","action_recognition","attribute_comparison","attribute_recognition","celebrity_recognition","function_reasoning","future_prediction","identity_reasoning","image_emotion","image_quality","image_scene","image_style","image_topic","nature_relation","object_localization","ocr","physical_property_reasoning","physical_relation","social_relation","spatial_relationship","structuralized_imagetext_understanding"
"dev","0.7405498281786942","0.8040201005025126","0.8141891891891891","0.6013986013986014","0.7679180887372014","0.5084745762711864","0.782608695652174","0.8333333333333334","0.7045454545454546","0.8783783783783784","0.8181818181818182","0.8481012658227848","0.4","1.0","0.82","0.49056603773584906","0.9615384615384616","0.8113207547169812","0.8611111111111112","0.6875","0.5925925925925926","0.7948717948717948","0.64","0.8333333333333334","0.8604651162790697","0.2222222222222222","0.5641025641025641"
