"split","Overall","acc","precision","recall"
"Overall","83.37730870712402","85.3","95.92367736339983","73.73333333333333"
"popular","83.37730870712402","85.3","95.92367736339983","73.73333333333333"
"random","84.33091879527258","86.3","98.48619768477292","73.73333333333333"
"adversarial","82.44502422661199","84.3","93.49112426035504","73.73333333333333"
