"split","Overall","AR","CP","FP-C","FP-S","LR","RR","action_recognition","attribute_comparison","attribute_recognition","celebrity_recognition","function_reasoning","future_prediction","identity_reasoning","image_emotion","image_quality","image_scene","image_style","image_topic","nature_relation","object_localization","ocr","physical_property_reasoning","physical_relation","social_relation","spatial_relationship","structuralized_imagetext_understanding"
"dev","0.7276632302405498","0.7386934673366834","0.8581081081081081","0.6503496503496503","0.7440273037542662","0.4661016949152542","0.6956521739130435","0.9074074074074074","0.6818181818181818","0.8513513513513513","0.7878787878787878","0.810126582278481","0.525","0.9111111111111111","0.82","0.6415094339622641","0.9615384615384616","0.9245283018867925","0.8333333333333334","0.625","0.5925925925925926","0.7435897435897436","0.56","0.4583333333333333","0.9069767441860465","0.3111111111111111","0.4358974358974359"
