"split","Overall","acc","precision","recall"
"Overall","87.2202166064982","88.2","95.11811023622047","80.53333333333333"
"adversarial","85.85643212508884","86.73333333333333","91.93302891933028","80.53333333333333"
"random","88.43338213762813","89.46666666666667","98.05194805194806","80.53333333333333"
"popular","87.40955137481912","88.4","95.56962025316456","80.53333333333333"
