"split","Overall","Art_Style","Counting","Forensic_Detection","Functional_Correspondence","IQ_Test","Jigsaw","Multi-view_Reasoning","Object_Localization","Relative_Depth","Relative_Reflectance","Semantic_Correspondence","Spatial_Relation","Visual_Correspondence","Visual_Similarity"
"none","0.41083640189374016","0.452991452991453","0.575","0.25","0.27692307692307694","0.04666666666666667","0.5066666666666667","0.45112781954887216","0.5081967213114754","0.6774193548387096","0.3283582089552239","0.11510791366906475","0.7622377622377622","0.4069767441860465","0.45925925925925926"
