"split","Overall","AR","CP","FP-C","FP-S","LR","RR","action_recognition","attribute_comparison","attribute_recognition","celebrity_recognition","function_reasoning","future_prediction","identity_reasoning","image_emotion","image_quality","image_scene","image_style","image_topic","nature_relation","object_localization","ocr","physical_property_reasoning","physical_relation","social_relation","spatial_relationship","structuralized_imagetext_understanding"
"dev","0.7147766323024055","0.7638190954773869","0.8243243243243243","0.6013986013986014","0.8054607508532423","0.3050847457627119","0.6782608695652174","0.9259259259259259","0.5227272727272727","0.918918918918919","0.9595959595959596","0.8607594936708861","0.325","0.9777777777777777","0.8","0.49056603773584906","0.9807692307692307","0.8679245283018868","0.8333333333333334","0.6041666666666666","0.5185185185185185","0.7948717948717948","0.5333333333333333","0.375","0.9302325581395349","0.28888888888888886","0.2948717948717949"
