"split","Overall","acc","precision","recall"
"Overall","87.92917813135543","88.78888888888888","95.23192536926665","81.66666666666667"
"adversarial","86.57243816254416","87.33333333333333","92.10526315789474","81.66666666666667"
"random","89.28571428571429","90.2","98.47266881028939","81.66666666666667"
"popular","87.97127468581688","88.83333333333333","95.3307392996109","81.66666666666667"
