"split","Overall","AR","CP","FP-C","FP-S","LR","RR","action_recognition","attribute_comparison","attribute_recognition","celebrity_recognition","function_reasoning","future_prediction","identity_reasoning","image_emotion","image_quality","image_scene","image_style","image_topic","nature_relation","object_localization","ocr","physical_property_reasoning","physical_relation","social_relation","spatial_relationship","structuralized_imagetext_understanding"
"dev","0.7525773195876289","0.7738693467336684","0.8412162162162162","0.5664335664335665","0.8122866894197952","0.576271186440678","0.7478260869565218","0.9074074074074074","0.4318181818181818","0.918918918918919","0.9393939393939394","0.8607594936708861","0.55","0.9777777777777777","0.82","0.5849056603773585","0.9519230769230769","0.8490566037735849","0.9166666666666666","0.5833333333333334","0.5925925925925926","0.7435897435897436","0.56","0.75","0.9302325581395349","0.28888888888888886","0.5897435897435898"
