"split","Overall","acc","precision","recall"
"Overall","86.76505593906214","87.64444444444445","93.41363403382881","81.0"
"popular","86.69282911166609","87.56666666666668","93.24635456638526","81.0"
"adversarial","85.23325149070502","85.96666666666667","89.93338267949666","81.0"
"random","88.42794759825327","89.4","97.35576923076923","81.0"
