"split","Overall","AR","CP","FP-C","FP-S","LR","RR","action_recognition","attribute_comparison","attribute_recognition","celebrity_recognition","function_reasoning","future_prediction","identity_reasoning","image_emotion","image_quality","image_scene","image_style","image_topic","nature_relation","object_localization","ocr","physical_property_reasoning","physical_relation","social_relation","spatial_relationship","structuralized_imagetext_understanding"
"dev","0.6237113402061856","0.6582914572864321","0.7736486486486487","0.43356643356643354","0.6655290102389079","0.3389830508474576","0.6","0.9074074074074074","0.13636363636363635","0.7297297297297297","0.7878787878787878","0.7721518987341772","0.475","0.9333333333333333","0.84","0.22641509433962265","0.9423076923076923","0.8679245283018868","0.8611111111111112","0.5208333333333334","0.4567901234567901","0.6666666666666666","0.37333333333333335","0.16666666666666666","0.9302325581395349","0.15555555555555556","0.2692307692307692"
