"split","Overall","Art_Style","Counting","Forensic_Detection","Functional_Correspondence","IQ_Test","Jigsaw","Multi-view_Reasoning","Object_Localization","Relative_Depth","Relative_Reflectance","Semantic_Correspondence","Spatial_Relation","Visual_Correspondence","Visual_Similarity"
"none","0.4329300368227249","0.5299145299145299","0.4666666666666667","0.2878787878787879","0.2076923076923077","0.29333333333333333","0.47333333333333333","0.556390977443609","0.3770491803278688","0.5887096774193549","0.41044776119402987","0.35251798561151076","0.7622377622377622","0.31976744186046513","0.4740740740740741"
