"split","Overall","acc","precision","recall"
"Overall","85.32347504621073","86.76666666666667","95.76763485477179","76.93333333333334"
"popular","85.26043590690801","86.7","95.6089478044739","76.93333333333334"
"random","86.50674662668666","88.0","98.8013698630137","76.93333333333334"
"adversarial","84.23357664233576","85.6","93.06451612903226","76.93333333333334"
