"split","Overall","AR","CP","FP-C","FP-S","LR","RR","action_recognition","attribute_comparison","attribute_recognition","celebrity_recognition","function_reasoning","future_prediction","identity_reasoning","image_emotion","image_quality","image_scene","image_style","image_topic","nature_relation","object_localization","ocr","physical_property_reasoning","physical_relation","social_relation","spatial_relationship","structuralized_imagetext_understanding"
"dev","0.738831615120275","0.7989949748743719","0.8412162162162162","0.5874125874125874","0.7849829351535836","0.4830508474576271","0.7043478260869566","0.9444444444444444","0.4318181818181818","0.9459459459459459","0.8080808080808081","0.810126582278481","0.4","1.0","0.82","0.6415094339622641","0.9711538461538461","0.7924528301886793","0.8611111111111112","0.4791666666666667","0.6172839506172839","0.7692307692307693","0.6666666666666666","0.75","0.9302325581395349","0.3111111111111111","0.5256410256410257"
