"split","Overall","AR","CP","FP-C","FP-S","LR","RR","action_recognition","attribute_comparison","attribute_recognition","celebrity_recognition","function_reasoning","future_prediction","identity_reasoning","image_emotion","image_quality","image_scene","image_style","image_topic","nature_relation","object_localization","ocr","physical_property_reasoning","physical_relation","social_relation","spatial_relationship","structuralized_imagetext_understanding"
"dev","0.8161512027491409","0.8090452261306532","0.8648648648648649","0.7482517482517482","0.8771331058020477","0.6271186440677966","0.8260869565217391","0.9259259259259259","0.8181818181818182","0.9594594594594594","0.9494949494949495","0.8734177215189873","0.5","0.9333333333333333","0.88","0.6037735849056604","0.9615384615384616","0.9245283018867925","0.8611111111111112","0.8541666666666666","0.691358024691358","0.9230769230769231","0.6666666666666666","0.5416666666666666","0.9534883720930233","0.4666666666666667","0.6923076923076923"
