"split","Overall","acc","precision","recall"
"Overall","86.13317043372021","87.3888888888889","95.65807327001356","78.33333333333333"
"adversarial","84.89884393063582","86.06666666666666","92.66561514195584","78.33333333333333"
"random","87.19851576994434","88.5","98.32635983263597","78.33333333333333"
"popular","86.33357825128581","87.6","96.15384615384616","78.33333333333333"
