"split","Overall","acc","precision","recall"
"Overall","83.10991957104558","85.3","97.65976597659765","72.33333333333334"
"popular","83.23743766781742","85.43333333333332","98.01264679313459","72.33333333333334"
"random","83.71913580246914","85.93333333333332","99.35897435897436","72.33333333333334"
"adversarial","82.38420652999241","84.53333333333333","95.67901234567901","72.33333333333334"
