"split","Overall","AR","CP","FP-C","FP-S","LR","RR","action_recognition","attribute_comparison","attribute_recognition","celebrity_recognition","function_reasoning","future_prediction","identity_reasoning","image_emotion","image_quality","image_scene","image_style","image_topic","nature_relation","object_localization","ocr","physical_property_reasoning","physical_relation","social_relation","spatial_relationship","structuralized_imagetext_understanding"
"dev","0.8195876288659794","0.8542713567839196","0.8648648648648649","0.7272727272727273","0.8464163822525598","0.6440677966101694","0.8695652173913043","0.9444444444444444","0.75","0.9324324324324325","0.9494949494949495","0.8987341772151899","0.575","0.9777777777777777","0.8","0.6226415094339622","0.9615384615384616","0.9245283018867925","0.9444444444444444","0.7916666666666666","0.6296296296296297","0.8717948717948718","0.7333333333333333","0.875","0.9534883720930233","0.4444444444444444","0.6794871794871795"
